title,content,source,date,sentiment,classification
"What if AI help students to learn ,not just do assignments for them ","AI tutor bots are being tested in classrooms to improve student learning by offering personalized support and allowing students to learn at their own pace. Studies show increased engagement and motivation when AI is used in a structured way. However, researchers warn that unrestricted use of AI can harm critical thinking, as students may rely on it to do their work. The effectiveness of AI depends on how it is integrated—guiding students rather than replacing their thinking.",https://news.harvard.edu/,"October 21 , 2025",neutral,0
"AI in classrooms: Helping students learn or doing the thinking for them 

","AI in education is increasingly used as a support tool rather than a replacement for teachers. Students use generative AI tools to simplify content, generate summaries, and assist with assignments, effectively acting as a constant study companion. Adaptive learning platforms further personalize education by adjusting difficulty based on student performance. Teachers also benefit from AI through automated lesson planning and perAI in education is increasingly used as a support tool rather than a replacement for teachers. Students use generative AI tools to simplify content, generate summaries, and assist with assignments, effectively acting as a constant study companion. Adaptive learning platforms further personalize education by adjusting difficulty based on student performance. Teachers also benefit from AI through automated lesson planning and performance analysis. While AI systems can produce errors or biased outputs, they are most effective when used to enhance learning and support educators rather than replace them.formance analysis. While AI systems can produce errors or biased outputs, they are most effective when used to enhance learning and support educators rather than replace them.",https://timesofindia.indiatimes.com,"December 17 ,2025",support,1
Is AI helping students learn better or replacing real thinking?,"The rise of AI tools in education is raising concerns about the decline of deep reading, a critical skill involving sustained attention, analysis, and interpretation. As AI increasingly summarizes content and generates answers, students may rely on shortcuts instead of engaging deeply with material. Educators argue that deep reading is essential for developing independent thinking, critical evaluation, and ethical judgment—skills that AI cannot replicate. There is growing concern that overdependence on AI may weaken these cognitive abilities, especially in younger learners.",https://www.indiatoday.in/,march 10 .2026,negative,-1
AI is changing how students learn-or avoid learning.,"Studies show that college students often use AI tools like ChatGPT to obtain quick answers rather than develop a deeper understanding of concepts. However, when guided by instructors, students are more likely to use AI in ways that support learning and critical thinking. Educators express concerns about plagiarism and reduced creativity, but also recognize AI’s potential to improve learning outcomes and personalize education. The impact of AI in education largely depends on how it is integrated and guided by teachers.",https://today.usc.edu/,"September 18,2025",neutral,0
Can AI help bridge the gap in inclusive education,"AI is being used to improve inclusive education by helping create accessible digital textbooks for students with disabilities. These AI-generated materials provide features such as audio narration, simplified text, and personalized learning formats, allowing students with different needs to learn together. Compared to traditional methods, AI significantly reduces the time and effort required to produce these resources, making large-scale implementation more feasible. While human oversight is still necessary to ensure quality and accuracy, AI is shown to enhance efficiency and accessibility in education.",https://www.unicef.org/,"september 10,2025",support,1
College students are writing with AI – but a pilot study finds they’re not simply letting it write for them,"Research on student writing with AI tools shows that students do not simply rely on AI to complete their work, but use it as a support during idea generation, editing, and moments of difficulty. Many students actively revise or reject AI-generated content, maintaining control over their arguments and writing. While concerns about overreliance and reduced critical thinking exist, the study suggests that AI is often used as a collaborative tool rather than a replacement for independent thinking.",https://theconversation.com/,"march 26, 2026",neutral,0
An AI divide is growing in schools. This camp wants to level the playing field,"The growing use of AI in education is highlighting a digital divide, where students from wealthier schools have greater access to AI tools and training than those from low-income or rural backgrounds. While AI has the potential to improve learning, accessibility, and problem-solving, unequal access may deepen existing educational inequalities. Educators also express mixed views, with some seeing benefits in personalization and efficiency, while others worry about reduced critical thinking and misuse. The impact of AI in education depends not only on the technology itself but on equitable access and proper guidance.",https://www.npr.org/,"February 21 ,2026",neutral,0
AI Impact on Education: Its Effect on Teaching and Student Success,"Artificial intelligence is transforming education by enabling personalized learning, intelligent tutoring, and automation of administrative tasks, improving both student outcomes and teaching efficiency. AI tools can adapt content in real time, provide immediate feedback, and support diverse learning needs. However, concerns remain about overreliance, reduced critical thinking, data privacy, and potential bias. Educators emphasize that AI should complement, not replace, human interaction, and that its effectiveness depends on responsible and balanced integration.",https://www.netguru.com/,"september 3,2025",neutral,0
Is AI Good or Bad for Schools?,"Schools often get hung up on trying to balance strict compliance with the use of AI tools against the curiosity about how those tools actually work. In that situation, teachers are more concerned about monitoring or catching students using AI—say, to write an essay—rather than teaching them how to use those technologies appropriately to tackle class assignments.

But things are changing. A growing number of educators are experimenting with the technology in a variety of ways and learning important lessons. The challenge now is to share those lessons learned and begin to build best practices for how to use artificial intelligence smartly and responsibly in schools.",https://www.edweek.org/,february 26.2026,neutral,0
"Student cheating dominates talk of generative AI in higher ed, but universities and tech companies face ethical issues too","Debates about AI in education often focus on student cheating, but broader ethical concerns include data privacy, unequal access, and the responsibility of institutions and technology companies. While AI can improve learning outcomes and accessibility, its adoption may also deepen inequality and expose students to data risks. The article argues that responsibility for ethical AI use should not fall solely on students, but also on educational institutions and developers, highlighting the need for stronger governance and transparency.",https://theconversation.com/,"november 17 ,2025",neutral,0
AI is Destroying the University and Learning Itself,"Critics argue that the integration of AI in education is undermining critical thinking, encouraging academic dishonesty, and reducing learning to automated processes. Students increasingly rely on AI to complete assignments, which weakens their ability to think independently and retain knowledge. The widespread adoption of AI tools by institutions is also seen as promoting efficiency over meaningful learning, turning education into a transactional system focused on convenience rather than intellectual development.",https://www.currentaffairs.org/,"december 1,2025",negative,-1
Of Course Some Will CheatEveryone wants something different from college students. Enter ChatGPT.,"The use of AI in education is raising concerns about academic dishonesty and the erosion of trust between students and teachers. As students increasingly rely on AI to generate assignments, it becomes difficult to distinguish genuine work from automated output. This not only weakens skill development but also undermines the authenticity of learning and the trust that is essential for effective education. ",https://slate.com/,"may 14,2025",negative,-1
It’s true that my fellow students are embracing AI – but this is what the critics aren’t seeing,"The growing use of AI in education is often linked to concerns about cheating and reduced learning, but it is also driven by broader systemic issues such as inconsistent assessment methods, post-pandemic disruptions, and increasing financial pressures on students. As students face uncertainty and time constraints, AI becomes a convenient tool for managing academic demands. The article suggests that AI usage reflects underlying problems in the education system rather than simply student laziness or misuse.",https://www.theguardian.com/,"june 29 ,2025",neutral,0
"India, AI and the shrinking premium of college education","The rise of AI is raising concerns about its impact on employment, particularly for entry-level jobs that many graduates rely on. As AI tools become capable of performing tasks such as coding and analysis, the demand for traditional graduate roles may decline, reducing the economic value of higher education. In countries like India, where there is already an oversupply of graduates and limited job opportunities, AI may further increase unemployment and weaken the return on education.",https://www.japantimes.co.jp/,"april 19,2026",negative,-1
Powering India’s Next Generation with the Science of Learning,"AI is increasingly being used to improve education at scale, with tools designed to support personalized learning, interactive study methods, and teacher productivity. Large-scale initiatives and partnerships aim to expand access to AI-powered learning for millions of students and educators. Studies and early implementations suggest that when integrated thoughtfully, AI can enhance understanding, engagement, and learning outcomes, positioning it as a powerful tool for transforming education.",https://blog.google/,"january 28,2026",positive,1
How Artificial Intelligence in Education Is Revolutionizing University Classrooms,"Artificial intelligence is increasingly integrated into higher education, enabling personalized learning, intelligent tutoring, and improved research and academic management. It has the potential to enhance educational quality, accessibility, and efficiency. However, concerns remain about overreliance on technology, algorithmic bias, data privacy, and reduced human interaction. The effective use of AI in education requires a balanced, human-centered approach that combines technological innovation with ethical responsibility.",https://www.esade.edu/,"november 10,2025",neutral,0
The greatest risk of AI in higher education isn’t cheating – it’s the erosion of learning itself,"The use of AI in higher education is transforming not only how students learn but also the fundamental purpose of universities. While AI can improve efficiency and automate tasks such as research, teaching, and assessment, it also raises concerns about the erosion of critical learning processes, mentorship, and skill development. As students and institutions increasingly rely on AI, there is a risk that the ecosystem of learning—built on effort, practice, and human interaction—may weaken. The article argues that the challenge is not just adopting AI, but redefining the role and value of education in an automated world.",https://theconversation.com/," February 19, 2026 ",neutral,0
I Set A Trap To Catch My Students Cheating With AI. The Results Were Shocking.,"The use of AI in education is leading to widespread academic dishonesty and weakening students’ ability to think, write, and learn independently. As more students rely on AI to complete assignments, it becomes difficult to assess genuine understanding, and many lack the foundational knowledge to evaluate AI-generated content. The article argues that AI encourages students to avoid effort and failure, which are essential for learning, ultimately undermining the purpose of education and intellectual development.",https://www.huffpost.com/,"november 20,2025",negative,-1
The Solution to AI Cheating Is Simple: More In-Class Testing,"The increasing use of AI in education is contributing to widespread cheating and a decline in students’ learning, as many rely on automated tools instead of developing their own understanding. AI makes it easier to bypass effort, which may lead to weaker skills in areas like reading and mathematics. The article also argues that inconsistent grading policies and weak assessment systems amplify this problem, making AI-assisted cheating a rational choice for students and undermining academic standards.",https://www.city-journal.org/,"february 27, 2025",negative,-1
